airline,date_of_journey,source,destination,dep_time,arrival_time,duration,total_stops,additional_info,price
Indigo,2019-05-21,Delhi,Cochin,05:35:00,08:50:00,195,0.0,No Info,5601
Jet Airways,2019-05-21,Kolkata,Banglore,14:05:00,22:35:00,510,1.0,No Info,14781
Jet Airways,2019-05-01,Kolkata,Banglore,18:55:00,04:40:00,585,1.0,In-flight meal not included,8586
Multiple Carriers,2019-03-27,Delhi,Cochin,08:55:00,15:30:00,395,1.0,No Info,7845
Air India,2019-03-18,Delhi,Cochin,05:10:00,08:00:00,170,0.0,No Info,5674
Jet Airways,2019-06-27,Delhi,Cochin,21:50:00,19:00:00,1270,1.0,In-flight meal not included,10262
Spicejet,2019-06-01,Mumbai,Hyderabad,22:45:00,00:15:00,90,0.0,No check-in baggage included,1965
Multiple Carriers,2019-03-27,Delhi,Cochin,11:40:00,21:00:00,560,1.0,No Info,6637
Spicejet,2019-05-03,Mumbai,Hyderabad,13:15:00,14:45:00,90,0.0,No check-in baggage included,1965
Vistara,2019-05-06,Banglore,Delhi,07:00:00,09:40:00,160,0.0,No Info,4668
Jet Airways,2019-06-01,Delhi,Cochin,15:00:00,19:00:00,1680,1.0,No Info,14714
Jet Airways,2019-06-12,Kolkata,Banglore,06:30:00,04:40:00,1330,1.0,In-flight meal not included,7594
Jet Airways,2019-04-12,Banglore,Delhi,17:45:00,20:45:00,180,0.0,No Info,7229
Indigo,2019-05-12,Kolkata,Banglore,19:35:00,23:15:00,220,1.0,No Info,5276
Jet Airways,2019-05-18,Delhi,Cochin,14:00:00,12:35:00,1355,1.0,In-flight meal not included,12373
Jet Airways,2019-06-06,Kolkata,Banglore,18:55:00,04:40:00,585,1.0,No Info,13374
Vistara,2019-05-09,Kolkata,Banglore,07:10:00,09:05:00,1555,1.0,No Info,9187
Jet Airways,2019-06-09,Banglore,Delhi,08:20:00,11:20:00,180,0.0,No Info,8016
Air India,2019-03-12,Banglore,New Delhi,17:25:00,18:05:00,1480,3.0,No Info,13387
Air India,2019-03-03,Banglore,New Delhi,10:30:00,21:25:00,655,2.0,No Info,11003
Air Asia,2019-06-06,Delhi,Cochin,16:45:00,22:25:00,340,1.0,No Info,11410
Jet Airways,2019-05-06,Kolkata,Banglore,09:35:00,21:05:00,690,1.0,In-flight meal not included,10703
Jet Airways,2019-05-15,Kolkata,Banglore,17:00:00,14:25:00,1285,1.0,In-flight meal not included,9314
Air India,2019-03-03,Banglore,New Delhi,05:50:00,12:55:00,425,1.0,No Info,12389
Indigo,2019-05-03,Kolkata,Banglore,20:20:00,22:55:00,155,0.0,No Info,4804
Air India,2019-06-15,Delhi,Cochin,13:15:00,09:25:00,1210,2.0,No Info,8839
Indigo,2019-05-27,Banglore,Delhi,00:30:00,03:25:00,175,0.0,No Info,3419
Jet Airways,2019-06-09,Delhi,Cochin,09:40:00,19:00:00,560,2.0,No Info,13014
Multiple Carriers,2019-05-27,Delhi,Cochin,09:45:00,16:10:00,385,1.0,No Info,10486
Jet Airways,2019-06-06,Kolkata,Banglore,06:30:00,04:40:00,1330,1.0,No Info,13731
Jet Airways,2019-05-18,Delhi,Cochin,17:30:00,04:25:00,655,1.0,In-flight meal not included,12373
Spicejet,2019-05-09,Mumbai,Hyderabad,05:45:00,07:15:00,90,0.0,No check-in baggage included,1965
Indigo,2019-03-06,Chennai,Kolkata,07:55:00,10:15:00,140,0.0,No Info,7295
Indigo,2019-06-24,Banglore,Delhi,18:15:00,21:20:00,185,0.0,No Info,4823
Air India,2019-03-06,Mumbai,Hyderabad,16:00:00,23:45:00,465,1.0,No Info,11678
Indigo,2019-05-27,Delhi,Cochin,09:15:00,01:30:00,975,1.0,No Info,6628
Multiple Carriers,2019-03-21,Delhi,Cochin,17:30:00,01:35:00,485,1.0,No Info,13542
Jet Airways,2019-05-18,Kolkata,Banglore,08:25:00,19:50:00,685,1.0,In-flight meal not included,10844
Indigo,2019-03-09,Banglore,New Delhi,18:25:00,21:20:00,175,0.0,No Info,6860
Air India,2019-03-06,Delhi,Cochin,05:10:00,08:00:00,170,0.0,No Info,6881
Multiple Carriers,2019-06-03,Delhi,Cochin,07:30:00,19:15:00,705,1.0,No Info,7354
Jet Airways,2019-04-01,Kolkata,Banglore,21:10:00,08:15:00,665,1.0,In-flight meal not included,8849
Jet Airways,2019-05-21,Delhi,Cochin,19:15:00,12:35:00,1040,1.0,In-flight meal not included,12898
Jet Airways,2019-05-12,Kolkata,Banglore,21:10:00,04:40:00,450,1.0,In-flight meal not included,8586
Air India,2019-03-24,Mumbai,Hyderabad,13:55:00,15:25:00,90,0.0,No Info,2575
Jet Airways,2019-05-06,Banglore,Delhi,17:45:00,20:45:00,180,0.0,In-flight meal not included,4030
Indigo,2019-06-12,Delhi,Cochin,17:05:00,22:25:00,320,1.0,No Info,6147
Jet Airways,2019-05-12,Kolkata,Banglore,20:25:00,10:55:00,870,1.0,No Info,14151
Jet Airways,2019-05-18,Banglore,Delhi,11:10:00,14:05:00,175,0.0,In-flight meal not included,5198
Multiple Carriers,2019-03-06,Delhi,Cochin,09:45:00,21:20:00,695,2.0,No Info,10444
Multiple Carriers,2019-06-03,Delhi,Cochin,08:30:00,19:00:00,630,1.0,No Info,11200
Multiple Carriers,2019-06-09,Delhi,Cochin,11:25:00,19:00:00,455,1.0,No Info,11200
Air India,2019-05-24,Banglore,Delhi,21:05:00,23:55:00,170,0.0,No Info,5228
Indigo,2019-05-27,Delhi,Cochin,07:30:00,21:00:00,810,1.0,No Info,6526
Jet Airways,2019-06-03,Delhi,Cochin,18:15:00,04:25:00,610,1.0,In-flight meal not included,10262
Air India,2019-05-09,Delhi,Cochin,12:55:00,19:15:00,1820,2.0,No Info,11596
Jet Airways,2019-06-12,Mumbai,Hyderabad,07:05:00,08:30:00,85,0.0,No Info,8040
Jet Airways,2019-05-15,Kolkata,Banglore,20:00:00,04:40:00,520,1.0,In-flight meal not included,8586
Jet Airways,2019-06-03,Delhi,Cochin,05:30:00,19:00:00,810,2.0,No Info,13292
Air India,2019-06-12,Kolkata,Banglore,09:50:00,23:15:00,805,2.0,No Info,14960
Multiple Carriers,2019-06-27,Delhi,Cochin,07:30:00,19:00:00,690,1.0,No Info,10877
Air India,2019-04-27,Kolkata,Banglore,20:45:00,23:20:00,155,0.0,No Info,4145
Multiple Carriers,2019-06-27,Delhi,Cochin,11:25:00,19:15:00,470,1.0,No Info,7155
Jet Airways,2019-05-24,Kolkata,Banglore,14:05:00,23:35:00,570,1.0,In-flight meal not included,10844
Spicejet,2019-04-27,Kolkata,Banglore,14:55:00,17:25:00,150,0.0,No check-in baggage included,3841
Jet Airways,2019-05-01,Kolkata,Banglore,14:05:00,08:15:00,1090,1.0,In-flight meal not included,8586
Jet Airways,2019-05-21,Banglore,Delhi,06:00:00,08:45:00,165,0.0,No Info,7229
Jet Airways,2019-05-18,Kolkata,Banglore,17:00:00,19:10:00,1570,1.0,No Info,14151
Indigo,2019-05-06,Banglore,Delhi,20:00:00,22:50:00,170,0.0,No Info,4823
Air India,2019-05-03,Banglore,Delhi,21:05:00,23:55:00,170,0.0,No Info,6121
Jet Airways,2019-06-09,Delhi,Cochin,15:00:00,19:00:00,1680,1.0,In-flight meal not included,10262
Spicejet,2019-03-18,Banglore,New Delhi,20:30:00,23:20:00,170,0.0,No Info,4377
Jet Airways,2019-05-18,Kolkata,Banglore,05:45:00,08:15:00,1590,1.0,No Info,13941
Indigo,2019-06-12,Delhi,Cochin,17:10:00,01:30:00,500,1.0,No Info,5883
Spicejet,2019-06-01,Banglore,Delhi,09:30:00,12:20:00,170,0.0,No Info,3971
Jet Airways,2019-03-21,Delhi,Cochin,10:45:00,18:50:00,1925,2.0,In-flight meal not included,7791
Indigo,2019-03-09,Chennai,Kolkata,19:35:00,21:55:00,140,0.0,No Info,6297
Indigo,2019-06-15,Delhi,Cochin,18:35:00,01:30:00,415,1.0,No Info,5883
Indigo,2019-06-24,Banglore,Delhi,08:30:00,11:20:00,170,0.0,No Info,4823
Spicejet,2019-05-21,Chennai,Kolkata,09:45:00,12:00:00,135,0.0,No check-in baggage included,3543
Indigo,2019-03-27,Delhi,Cochin,02:00:00,07:45:00,345,1.0,No Info,5733
Jet Airways,2019-06-09,Delhi,Cochin,22:50:00,12:35:00,825,1.0,In-flight meal not included,10262
Air India,2019-06-12,Kolkata,Banglore,09:25:00,13:45:00,1700,2.0,No Info,11542
Jet Airways,2019-03-06,Banglore,New Delhi,14:05:00,11:25:00,1280,1.0,No Info,15025
Air Asia,2019-04-01,Kolkata,Banglore,19:55:00,22:25:00,150,0.0,No Info,3807
Jet Airways,2019-06-06,Kolkata,Banglore,20:25:00,09:45:00,800,1.0,In-flight meal not included,10539
Air India,2019-06-09,Delhi,Cochin,10:55:00,19:15:00,500,2.0,No Info,12383
Jet Airways,2019-03-01,Banglore,New Delhi,11:40:00,07:40:00,1200,1.0,No Info,22270
Indigo,2019-03-06,Delhi,Cochin,08:25:00,21:00:00,755,1.0,No Info,14871
Indigo,2019-04-24,Delhi,Cochin,07:35:00,12:10:00,275,1.0,No Info,5073
Air Asia,2019-03-12,Kolkata,Banglore,19:35:00,22:05:00,150,0.0,No Info,4384
Jet Airways,2019-05-27,Delhi,Cochin,18:15:00,12:35:00,1100,1.0,In-flight meal not included,12898
Multiple Carriers,2019-05-27,Delhi,Cochin,04:55:00,19:00:00,845,1.0,No Info,11573
Jet Airways,2019-06-12,Kolkata,Banglore,09:35:00,23:35:00,840,1.0,No Info,12692
Vistara,2019-04-27,Delhi,Cochin,14:40:00,17:50:00,190,0.0,No Info,6216
Air Asia,2019-04-27,Delhi,Cochin,20:45:00,07:10:00,625,1.0,No Info,6451
Jet Airways,2019-03-06,Banglore,New Delhi,21:25:00,07:40:00,615,1.0,No Info,16736
Air India,2019-03-27,Delhi,Cochin,07:00:00,19:15:00,735,1.0,No Info,6377
Spicejet,2019-05-27,Chennai,Kolkata,09:45:00,12:00:00,135,0.0,No check-in baggage included,3543
Jet Airways,2019-05-12,Kolkata,Banglore,17:00:00,10:55:00,1075,1.0,No Info,14151
Indigo,2019-04-27,Delhi,Cochin,05:05:00,12:10:00,425,1.0,No Info,7160
Air India,2019-05-24,Kolkata,Banglore,05:50:00,20:25:00,875,2.0,No Info,11201
Air Asia,2019-03-01,Banglore,New Delhi,05:50:00,08:40:00,170,0.0,No Info,10715
Air India,2019-03-27,Delhi,Cochin,09:45:00,09:25:00,1420,1.0,No Info,5957
Spicejet,2019-03-24,Banglore,New Delhi,09:35:00,12:30:00,175,0.0,No check-in baggage included,3873
Indigo,2019-05-09,Delhi,Cochin,15:10:00,20:00:00,290,1.0,No Info,6147
Jet Airways,2019-05-27,Delhi,Cochin,21:50:00,12:35:00,885,1.0,In-flight meal not included,12898
Jet Airways,2019-05-21,Banglore,Delhi,19:50:00,22:50:00,180,0.0,In-flight meal not included,4030
Indigo,2019-05-06,Mumbai,Hyderabad,21:20:00,22:50:00,90,0.0,No Info,2227
Indigo,2019-06-03,Mumbai,Hyderabad,19:05:00,20:35:00,90,0.0,No Info,2754
Jet Airways,2019-06-01,Delhi,Cochin,02:15:00,12:35:00,620,1.0,In-flight meal not included,10262
Jet Airways,2019-06-03,Delhi,Cochin,20:55:00,12:35:00,940,1.0,No Info,14714
Goair,2019-03-27,Delhi,Cochin,10:25:00,19:20:00,535,1.0,No Info,5281
Vistara,2019-04-01,Kolkata,Banglore,20:20:00,23:25:00,1625,1.0,No Info,7927
Air India,2019-03-15,Banglore,New Delhi,22:00:00,13:20:00,920,1.0,No Info,8845
Spicejet,2019-04-27,Banglore,Delhi,21:10:00,00:05:00,175,0.0,No Info,3971
Air Asia,2019-05-03,Banglore,Delhi,23:55:00,02:45:00,170,0.0,No Info,4483
Jet Airways,2019-05-15,Kolkata,Banglore,10:20:00,17:35:00,435,1.0,No Info,8355
Jet Airways,2019-03-03,Banglore,New Delhi,05:45:00,05:05:00,1400,1.0,In-flight meal not included,11087
Jet Airways,2019-03-15,Mumbai,Hyderabad,10:20:00,11:50:00,90,0.0,No Info,8040
Air India,2019-06-01,Delhi,Cochin,17:15:00,19:15:00,1560,2.0,No Info,12970
Spicejet,2019-05-12,Banglore,Delhi,09:30:00,12:20:00,170,0.0,No Info,4423
Multiple Carriers,2019-05-18,Delhi,Cochin,11:40:00,19:00:00,440,1.0,No Info,10529
Jet Airways,2019-06-24,Delhi,Cochin,23:05:00,04:25:00,1760,2.0,No Info,12819
Indigo,2019-05-27,Kolkata,Banglore,11:30:00,14:05:00,155,0.0,No Info,5224
Goair,2019-05-01,Banglore,Delhi,11:40:00,14:30:00,170,0.0,No Info,4340
Jet Airways,2019-04-06,Delhi,Cochin,07:05:00,19:00:00,715,1.0,In-flight meal not included,5406
Jet Airways,2019-06-03,Banglore,Delhi,17:45:00,20:45:00,180,0.0,In-flight meal not included,6478
Spicejet,2019-05-09,Chennai,Kolkata,09:45:00,12:00:00,135,0.0,No Info,3597
Jet Airways,2019-03-27,Delhi,Cochin,18:15:00,04:25:00,610,1.0,In-flight meal not included,6540
Indigo,2019-05-01,Banglore,Delhi,23:30:00,02:20:00,170,0.0,No Info,4591
Multiple Carriers,2019-03-21,Delhi,Cochin,07:30:00,18:50:00,680,1.0,No Info,14629
Jet Airways,2019-03-27,Delhi,Cochin,11:30:00,04:25:00,1015,1.0,No Info,12242
Vistara,2019-04-18,Banglore,Delhi,19:30:00,22:15:00,165,0.0,No Info,5823
Air Asia,2019-05-18,Banglore,Delhi,04:55:00,07:45:00,170,0.0,No Info,4282
Air India,2019-06-12,Delhi,Cochin,09:45:00,08:15:00,1350,1.0,No Info,8991
Air India,2019-05-01,Kolkata,Banglore,05:50:00,12:30:00,1840,2.0,No Info,12723
Air Asia,2019-03-21,Delhi,Cochin,20:10:00,07:10:00,660,1.0,No Info,6151
Indigo,2019-05-09,Delhi,Cochin,16:00:00,01:30:00,570,1.0,No Info,9274
Jet Airways,2019-05-24,Delhi,Cochin,19:10:00,19:00:00,1430,2.0,No Info,15129
Spicejet,2019-03-27,Chennai,Kolkata,08:20:00,10:35:00,135,0.0,No Info,3384
Jet Airways,2019-03-24,Kolkata,Banglore,08:25:00,23:25:00,900,1.0,In-flight meal not included,10031
Indigo,2019-03-09,Chennai,Kolkata,22:05:00,00:25:00,140,0.0,No Info,6297
Indigo,2019-06-09,Delhi,Cochin,15:10:00,20:00:00,290,1.0,No Info,7060
Spicejet,2019-04-15,Kolkata,Banglore,22:20:00,00:40:00,140,0.0,No Info,3873
Spicejet,2019-06-03,Kolkata,Banglore,22:20:00,00:40:00,140,0.0,No check-in baggage included,3841
Jet Airways,2019-04-01,Banglore,Delhi,06:00:00,08:45:00,165,0.0,In-flight meal not included,4544
Jet Airways,2019-04-06,Delhi,Cochin,22:50:00,12:35:00,825,1.0,In-flight meal not included,5177
Jet Airways,2019-04-24,Banglore,Delhi,07:10:00,10:10:00,180,0.0,No Info,7229
Air India,2019-06-15,Delhi,Cochin,06:50:00,07:40:00,1490,2.0,No Info,13591
Air India,2019-06-01,Delhi,Cochin,12:00:00,07:40:00,1180,2.0,No Info,10966
Jet Airways,2019-05-24,Kolkata,Banglore,20:00:00,23:35:00,1655,1.0,In-flight meal not included,10844
Multiple Carriers,2019-05-27,Delhi,Cochin,18:15:00,01:30:00,435,1.0,No Info,13377
Indigo,2019-06-03,Mumbai,Hyderabad,06:25:00,07:55:00,90,0.0,No Info,4049
Jet Airways,2019-05-21,Kolkata,Banglore,14:05:00,04:40:00,875,1.0,In-flight meal not included,9663
Multiple Carriers,2019-05-27,Delhi,Cochin,11:40:00,19:15:00,455,1.0,No Info,9316
Indigo,2019-03-09,Chennai,Kolkata,11:35:00,14:00:00,145,0.0,No Info,6297
Jet Airways,2019-03-06,Delhi,Cochin,02:15:00,18:50:00,995,1.0,No Info,17024
Multiple Carriers,2019-04-09,Delhi,Cochin,08:00:00,19:00:00,660,1.0,No Info,11142
Vistara,2019-06-09,Kolkata,Banglore,07:10:00,10:45:00,1655,1.0,No Info,9397
Indigo,2019-04-01,Mumbai,Hyderabad,21:20:00,22:50:00,90,0.0,No Info,2227
Jet Airways,2019-03-06,Delhi,Cochin,09:55:00,04:25:00,1110,1.0,No Info,15764
Air India,2019-06-09,Kolkata,Banglore,05:50:00,08:55:00,1625,2.0,No Info,12723
Jet Airways,2019-06-03,Delhi,Cochin,17:30:00,12:35:00,1145,1.0,No Info,14714
Indigo,2019-04-03,Kolkata,Banglore,06:15:00,10:30:00,255,1.0,No Info,4226
Indigo,2019-03-27,Delhi,Cochin,02:35:00,08:30:00,355,1.0,No Info,7731
Jet Airways,2019-03-06,Banglore,New Delhi,08:55:00,05:05:00,1210,1.0,No Info,16736
Vistara,2019-05-24,Kolkata,Banglore,07:10:00,22:40:00,930,1.0,No Info,9397
Jet Airways,2019-06-12,Delhi,Cochin,14:35:00,12:35:00,1320,2.0,In-flight meal not included,10919
Air India,2019-04-06,Banglore,Delhi,17:00:00,19:45:00,165,0.0,No Info,4651
Jet Airways,2019-06-01,Banglore,Delhi,07:10:00,10:10:00,180,0.0,In-flight meal not included,7229
Air India,2019-03-24,Banglore,New Delhi,21:10:00,23:55:00,165,0.0,No Info,4441
Air India,2019-05-27,Delhi,Cochin,13:00:00,19:15:00,375,1.0,No Info,9719
Vistara,2019-05-12,Banglore,Delhi,09:45:00,12:35:00,170,0.0,No Info,4668
Indigo,2019-05-06,Delhi,Cochin,18:35:00,01:30:00,415,1.0,No Info,7191
Multiple Carriers,2019-04-09,Delhi,Cochin,13:00:00,21:00:00,480,1.0,No Info,12537
Vistara,2019-05-24,Kolkata,Banglore,20:20:00,23:25:00,1625,1.0,No Info,9345
Jet Airways,2019-06-12,Kolkata,Banglore,09:35:00,22:05:00,750,1.0,No Info,12692
Multiple Carriers,2019-05-21,Delhi,Cochin,07:30:00,19:00:00,690,1.0,No Info,9794
Jet Airways,2019-06-27,Delhi,Cochin,14:35:00,12:35:00,1320,2.0,In-flight meal not included,10919
Jet Airways,2019-03-06,Banglore,New Delhi,05:45:00,23:00:00,1035,1.0,No Info,16736
Vistara,2019-03-21,Delhi,Cochin,06:00:00,09:10:00,190,0.0,No Info,6688
Air India,2019-03-15,Banglore,New Delhi,08:50:00,15:15:00,385,1.0,No Info,8714
Spicejet,2019-03-18,Banglore,New Delhi,05:45:00,08:35:00,170,0.0,No check-in baggage included,4273
Jet Airways,2019-05-06,Kolkata,Banglore,18:55:00,08:15:00,800,1.0,In-flight meal not included,7757
Indigo,2019-06-18,Banglore,Delhi,18:55:00,21:50:00,175,0.0,No Info,4823
Jet Airways,2019-03-06,Delhi,Cochin,19:45:00,19:45:00,1440,1.0,No Info,17024
Jet Airways,2019-03-15,Banglore,New Delhi,05:45:00,10:45:00,300,1.0,In-flight meal not included,9134
Jet Airways,2019-03-27,Delhi,Cochin,19:10:00,19:45:00,1475,2.0,In-flight meal not included,8882
Spicejet,2019-04-24,Banglore,Delhi,09:30:00,12:20:00,170,0.0,No Info,3971
Air India,2019-05-21,Kolkata,Banglore,12:00:00,21:50:00,590,2.0,No Info,10151
Multiple Carriers,2019-05-09,Delhi,Cochin,08:30:00,19:00:00,630,1.0,No Info,9627
Vistara,2019-05-09,Kolkata,Banglore,17:00:00,20:20:00,1640,1.0,No Info,9555
Jet Airways,2019-06-03,Delhi,Cochin,14:00:00,04:25:00,865,1.0,No Info,14714
Multiple Carriers,2019-03-21,Delhi,Cochin,07:00:00,13:20:00,380,1.0,No Info,9042
Jet Airways,2019-03-15,Banglore,New Delhi,05:45:00,11:25:00,340,1.0,In-flight meal not included,9134
Jet Airways,2019-05-24,Kolkata,Banglore,16:30:00,19:50:00,1640,1.0,In-flight meal not included,10844
Air India,2019-06-27,Delhi,Cochin,22:00:00,19:15:00,1275,2.0,No Info,10441
Goair,2019-03-03,Delhi,Cochin,14:10:00,19:20:00,310,1.0,No Info,22794
Air Asia,2019-06-06,Banglore,Delhi,04:55:00,07:45:00,170,0.0,No Info,4282
Air India,2019-03-03,Mumbai,Hyderabad,21:05:00,22:25:00,80,0.0,No Info,4937
Indigo,2019-06-15,Mumbai,Hyderabad,16:55:00,18:25:00,90,0.0,No Info,3175
Jet Airways,2019-06-27,Delhi,Cochin,19:10:00,19:00:00,1430,2.0,No Info,12819
Multiple Carriers,2019-03-09,Delhi,Cochin,06:50:00,21:00:00,850,1.0,In-flight meal not included,14086
Air India,2019-06-06,Delhi,Cochin,18:45:00,19:15:00,1470,2.0,No Info,13465
Multiple Carriers,2019-03-03,Delhi,Cochin,04:00:00,18:50:00,890,1.0,No Info,15237
Air India,2019-06-12,Kolkata,Banglore,16:50:00,07:55:00,905,1.0,No Info,8366
Vistara,2019-06-18,Banglore,Delhi,07:00:00,09:40:00,160,0.0,No Info,4668
Air Asia,2019-06-18,Kolkata,Banglore,19:55:00,22:25:00,150,0.0,No Info,3807
Air India,2019-06-24,Delhi,Cochin,05:15:00,19:15:00,2280,3.0,No Info,10493
Jet Airways,2019-03-27,Delhi,Cochin,19:15:00,19:45:00,1470,1.0,In-flight meal not included,5963
Goair,2019-04-15,Delhi,Cochin,07:00:00,12:55:00,355,1.0,No Info,6195
Jet Airways,2019-04-12,Banglore,Delhi,07:10:00,10:10:00,180,0.0,In-flight meal not included,5198
Vistara,2019-05-18,Kolkata,Banglore,20:20:00,10:45:00,865,1.0,No Info,9187
Jet Airways,2019-03-12,Banglore,New Delhi,22:55:00,15:15:00,980,1.0,No Info,13817
Jet Airways,2019-06-24,Delhi,Cochin,19:15:00,04:25:00,550,1.0,In-flight meal not included,10262
Jet Airways,2019-06-24,Banglore,Delhi,11:10:00,14:05:00,175,0.0,In-flight meal not included,5769
Jet Airways,2019-04-01,Kolkata,Banglore,06:30:00,19:50:00,800,1.0,No Info,12681
Multiple Carriers,2019-05-15,Delhi,Cochin,10:35:00,19:15:00,520,1.0,No Info,7575
Indigo,2019-05-01,Banglore,Delhi,22:10:00,01:00:00,170,0.0,No Info,3943
Air India,2019-06-12,Banglore,Delhi,06:10:00,08:55:00,165,0.0,No Info,6961
Spicejet,2019-06-27,Banglore,Delhi,05:55:00,08:35:00,160,0.0,No Info,3625
Jet Airways,2019-04-12,Banglore,Delhi,11:10:00,14:05:00,175,0.0,No Info,7229
Indigo,2019-04-15,Kolkata,Banglore,21:25:00,00:05:00,160,0.0,No Info,4174
Vistara,2019-04-01,Kolkata,Banglore,17:00:00,23:25:00,385,1.0,No Info,8610
Air India,2019-03-09,Delhi,Cochin,10:55:00,19:15:00,1940,2.0,No Info,17476
Jet Airways,2019-06-09,Delhi,Cochin,05:30:00,12:35:00,425,2.0,No Info,14441
Jet Airways,2019-03-06,Banglore,New Delhi,22:50:00,00:45:00,1555,1.0,No Info,14815
Spicejet,2019-06-15,Kolkata,Banglore,22:20:00,00:40:00,140,0.0,No Info,3873
Indigo,2019-04-09,Delhi,Cochin,15:00:00,01:30:00,630,1.0,No Info,6270
Air Asia,2019-04-03,Kolkata,Banglore,22:50:00,01:20:00,150,0.0,No Info,3807
Indigo,2019-03-03,Kolkata,Banglore,09:35:00,12:20:00,165,0.0,No Info,6565
Spicejet,2019-04-21,Kolkata,Banglore,17:10:00,19:40:00,150,0.0,No check-in baggage included,4807
Vistara,2019-06-15,Delhi,Cochin,14:40:00,17:50:00,190,0.0,No Info,6216
Vistara,2019-05-12,Kolkata,Banglore,17:00:00,09:05:00,965,1.0,No Info,9922
Indigo,2019-06-12,Banglore,Delhi,13:00:00,15:50:00,170,0.0,No Info,3943
Jet Airways,2019-05-15,Kolkata,Banglore,20:25:00,10:55:00,870,1.0,No Info,14151
Jet Airways,2019-05-06,Kolkata,Banglore,06:30:00,16:20:00,590,1.0,No Info,14781
Jet Airways,2019-03-21,Banglore,New Delhi,11:40:00,23:00:00,680,1.0,In-flight meal not included,6992
Spicejet,2019-05-01,Kolkata,Banglore,11:15:00,18:30:00,435,1.0,No Info,8844
Jet Airways,2019-06-24,Mumbai,Hyderabad,19:35:00,21:05:00,90,0.0,In-flight meal not included,3210
Indigo,2019-03-03,Banglore,New Delhi,00:40:00,03:25:00,165,0.0,No Info,6860
Spicejet,2019-04-03,Mumbai,Hyderabad,22:45:00,00:15:00,90,0.0,No Info,1759
Indigo,2019-05-01,Mumbai,Hyderabad,06:25:00,07:55:00,90,0.0,No Info,4392
Jet Airways,2019-06-01,Delhi,Cochin,17:30:00,12:35:00,1145,1.0,In-flight meal not included,10262
Indigo,2019-06-06,Banglore,Delhi,23:30:00,02:20:00,170,0.0,No Info,4591
Jet Airways,2019-05-09,Delhi,Cochin,15:00:00,12:35:00,1295,1.0,In-flight meal not included,12373
Indigo,2019-04-15,Kolkata,Banglore,15:30:00,18:05:00,155,0.0,No Info,4174
Jet Airways,2019-06-09,Kolkata,Banglore,06:30:00,16:20:00,590,1.0,In-flight meal not included,10844
Air India,2019-05-15,Delhi,Cochin,20:30:00,08:15:00,705,1.0,No Info,10671
Air India,2019-03-15,Banglore,New Delhi,21:10:00,23:55:00,165,0.0,No Info,8851
Jet Airways,2019-03-03,Mumbai,Hyderabad,19:35:00,21:05:00,90,0.0,No Info,5678
Indigo,2019-03-15,Mumbai,Hyderabad,16:55:00,18:25:00,90,0.0,No Info,3175
Multiple Carriers,2019-03-27,Delhi,Cochin,11:30:00,19:15:00,465,1.0,No Info,6732
Multiple Carriers,2019-06-24,Delhi,Cochin,17:30:00,01:30:00,480,1.0,No Info,13377
Indigo,2019-06-12,Kolkata,Banglore,04:40:00,07:15:00,155,0.0,No Info,4804
Air India,2019-05-15,Kolkata,Banglore,20:30:00,20:25:00,1435,1.0,No Info,10203
Indigo,2019-04-03,Banglore,Delhi,22:10:00,01:00:00,170,0.0,No Info,3943
Jet Airways,2019-06-15,Delhi,Cochin,08:00:00,19:00:00,660,1.0,No Info,14714
Spicejet,2019-05-09,Mumbai,Hyderabad,22:45:00,00:15:00,90,0.0,No check-in baggage included,1965
Indigo,2019-03-01,Banglore,New Delhi,12:10:00,17:05:00,295,1.0,No Info,9694
Multiple Carriers,2019-05-21,Delhi,Cochin,11:25:00,19:15:00,470,1.0,No Info,7575
Jet Airways,2019-06-12,Delhi,Cochin,13:00:00,19:00:00,360,1.0,No Info,14714
Indigo,2019-06-12,Delhi,Cochin,07:30:00,21:00:00,810,1.0,No Info,6093
Indigo,2019-03-09,Kolkata,Banglore,05:30:00,08:20:00,170,0.0,No Info,4148
Spicejet,2019-04-03,Kolkata,Banglore,09:00:00,11:25:00,145,0.0,No Info,3873
Jet Airways,2019-03-06,Delhi,Cochin,18:15:00,19:45:00,1530,1.0,No Info,17024
Indigo,2019-05-24,Banglore,Delhi,04:00:00,06:50:00,170,0.0,No Info,3943
Jet Airways,2019-05-09,Kolkata,Banglore,14:05:00,12:00:00,1315,1.0,In-flight meal not included,9663
Jet Airways,2019-03-21,Delhi,Cochin,22:50:00,04:25:00,335,1.0,In-flight meal not included,6017
Multiple Carriers,2019-06-09,Delhi,Cochin,03:50:00,11:30:00,460,1.0,No Info,7408
Goair,2019-04-01,Banglore,Delhi,20:55:00,23:40:00,165,0.0,No Info,4239
Air India,2019-03-03,Banglore,New Delhi,08:15:00,21:25:00,790,1.0,No Info,6781
Jet Airways,2019-06-03,Delhi,Cochin,07:05:00,12:35:00,330,1.0,No Info,14924
Jet Airways,2019-06-18,Mumbai,Hyderabad,08:45:00,10:15:00,90,0.0,In-flight meal not included,4995
Indigo,2019-04-06,Delhi,Cochin,20:25:00,01:30:00,305,1.0,No Info,5073
Indigo,2019-03-24,Kolkata,Banglore,04:15:00,09:50:00,335,1.0,No Info,4150
Jet Airways,2019-06-24,Delhi,Cochin,09:00:00,19:00:00,600,1.0,No Info,18371
Jet Airways,2019-05-01,Kolkata,Banglore,20:25:00,14:25:00,1080,1.0,No Info,11467
Jet Airways,2019-05-24,Kolkata,Banglore,18:55:00,10:05:00,910,1.0,In-flight meal not included,8586
Indigo,2019-06-03,Delhi,Cochin,18:35:00,01:30:00,415,1.0,No Info,6628
Jet Airways,2019-04-15,Banglore,Delhi,15:15:00,18:10:00,175,0.0,In-flight meal not included,4544
Jet Airways,2019-06-03,Delhi,Cochin,18:15:00,19:00:00,1485,1.0,No Info,14714
Indigo,2019-05-01,Banglore,Delhi,18:55:00,21:50:00,175,0.0,No Info,4823
Indigo,2019-06-01,Delhi,Cochin,17:10:00,01:30:00,500,1.0,No Info,6628
Indigo,2019-04-12,Banglore,Delhi,21:15:00,00:15:00,180,0.0,No Info,4990
Jet Airways,2019-06-06,Delhi,Cochin,13:00:00,12:35:00,1415,1.0,In-flight meal not included,11627
Jet Airways,2019-03-18,Banglore,New Delhi,08:55:00,15:15:00,380,1.0,No Info,12284
Air Asia,2019-06-03,Kolkata,Banglore,10:20:00,12:55:00,155,0.0,No Info,4409
Spicejet,2019-05-18,Kolkata,Banglore,14:55:00,17:25:00,150,0.0,No Info,4174
Indigo,2019-06-24,Delhi,Cochin,05:35:00,08:50:00,195,0.0,No Info,5000
Indigo,2019-03-06,Delhi,Cochin,16:10:00,22:20:00,370,1.0,No Info,7205
Jet Airways,2019-06-09,Kolkata,Banglore,21:10:00,10:05:00,775,1.0,No Info,14939
Air India,2019-04-03,Delhi,Cochin,17:20:00,09:25:00,965,1.0,No Info,5117
Air Asia,2019-06-01,Kolkata,Banglore,10:20:00,12:55:00,155,0.0,No Info,4409
Jet Airways,2019-04-01,Mumbai,Hyderabad,02:55:00,04:20:00,85,0.0,No Info,5678
Spicejet,2019-03-24,Banglore,New Delhi,20:30:00,23:20:00,170,0.0,No Info,5575
Indigo,2019-05-18,Delhi,Cochin,11:55:00,22:30:00,635,1.0,No Info,8216
Air India,2019-03-15,Banglore,New Delhi,06:45:00,15:15:00,510,1.0,No Info,8714
Air India,2019-05-18,Delhi,Cochin,18:45:00,19:15:00,1470,2.0,No Info,12940
Jet Airways,2019-03-27,Delhi,Cochin,15:05:00,04:25:00,800,1.0,No Info,12242
Multiple Carriers,2019-06-15,Delhi,Cochin,19:00:00,01:30:00,390,1.0,No Info,7408
Jet Airways,2019-03-09,Delhi,Cochin,15:05:00,18:50:00,1665,1.0,No Info,16289
Indigo,2019-05-09,Delhi,Cochin,20:25:00,01:30:00,305,1.0,No Info,7255
Vistara,2019-04-27,Delhi,Cochin,06:00:00,09:10:00,190,0.0,No Info,6216
Indigo,2019-05-27,Delhi,Cochin,06:50:00,16:10:00,560,1.0,No Info,6674
Air Asia,2019-04-15,Kolkata,Banglore,07:35:00,19:25:00,710,1.0,No Info,5192
Jet Airways,2019-04-01,Kolkata,Banglore,08:25:00,19:50:00,685,1.0,No Info,12681
Vistara,2019-06-03,Banglore,Delhi,07:00:00,09:40:00,160,0.0,No Info,4668
Spicejet,2019-05-18,Chennai,Kolkata,08:20:00,10:35:00,135,0.0,No Info,3597
Air India,2019-04-06,Delhi,Cochin,06:05:00,09:25:00,1640,1.0,No Info,4487
Vistara,2019-05-12,Kolkata,Banglore,07:10:00,22:40:00,930,1.0,No Info,8662
Indigo,2019-05-21,Delhi,Cochin,17:05:00,22:15:00,310,1.0,No Info,6147
Air India,2019-03-09,Banglore,New Delhi,06:50:00,08:50:00,1560,1.0,No Info,5626
Jet Airways,2019-06-01,Delhi,Cochin,19:30:00,04:25:00,535,2.0,No Info,13014
Jet Airways,2019-05-18,Delhi,Cochin,09:40:00,12:35:00,1615,2.0,No Info,15129
Jet Airways,2019-03-09,Delhi,Cochin,19:45:00,04:25:00,520,1.0,In-flight meal not included,11848
Air India,2019-06-01,Banglore,Delhi,10:00:00,12:45:00,165,0.0,No Info,6961
Jet Airways,2019-05-21,Kolkata,Banglore,06:30:00,18:15:00,705,1.0,No Info,14781
Goair,2019-06-03,Delhi,Cochin,14:25:00,19:35:00,310,1.0,No Info,9069
Indigo,2019-06-15,Mumbai,Hyderabad,12:00:00,13:30:00,90,0.0,No Info,2754
Indigo,2019-05-06,Delhi,Cochin,14:20:00,22:30:00,490,1.0,No Info,7054
Air India,2019-04-27,Banglore,Delhi,10:00:00,12:45:00,165,0.0,No Info,5228
Indigo,2019-06-01,Banglore,Delhi,10:30:00,13:20:00,170,0.0,No Info,3943
Multiple Carriers,2019-06-27,Delhi,Cochin,08:45:00,19:15:00,630,1.0,No Info,8266
Indigo,2019-04-24,Kolkata,Banglore,15:15:00,17:45:00,150,0.0,No Info,4804
Air India,2019-06-06,Delhi,Cochin,13:20:00,07:40:00,1100,2.0,No Info,12751
Indigo,2019-05-09,Banglore,Delhi,23:30:00,02:20:00,170,0.0,No Info,3943
Indigo,2019-05-06,Kolkata,Banglore,07:10:00,12:40:00,330,1.0,No Info,4864
Jet Airways,2019-06-12,Kolkata,Banglore,09:35:00,21:05:00,690,1.0,No Info,12692
Air India,2019-05-18,Kolkata,Banglore,09:25:00,18:20:00,535,2.0,No Info,8366
Multiple Carriers,2019-05-15,Delhi,Cochin,04:55:00,19:00:00,845,1.0,No Info,9103
Jet Airways,2019-03-24,Kolkata,Banglore,16:55:00,19:40:00,1605,1.0,No Info,14231
Jet Airways,2019-06-27,Delhi,Cochin,06:45:00,12:35:00,1790,2.0,No Info,13376
Indigo,2019-05-06,Kolkata,Banglore,15:15:00,20:05:00,290,1.0,No Info,4775
Jet Airways,2019-05-06,Mumbai,Hyderabad,02:55:00,04:20:00,85,0.0,No Info,5678
Air Asia,2019-06-09,Kolkata,Banglore,10:20:00,12:55:00,155,0.0,No Info,5645
Indigo,2019-05-27,Delhi,Cochin,06:50:00,12:10:00,320,1.0,No Info,5530
Indigo,2019-05-12,Kolkata,Banglore,17:35:00,22:15:00,280,1.0,No Info,6669
Multiple Carriers,2019-03-03,Delhi,Cochin,10:20:00,01:35:00,915,1.0,No Info,15147
Jet Airways,2019-05-12,Kolkata,Banglore,20:25:00,21:05:00,1480,1.0,No Info,12121
Indigo,2019-05-24,Banglore,Delhi,01:30:00,04:15:00,165,0.0,No Info,3419
Multiple Carriers,2019-06-27,Delhi,Cochin,11:30:00,19:15:00,465,1.0,No Info,14848
Jet Airways,2019-03-21,Delhi,Cochin,13:55:00,18:50:00,1735,2.0,In-flight meal not included,8728
Air Asia,2019-06-24,Banglore,Delhi,04:55:00,07:45:00,170,0.0,No Info,4282
Jet Airways,2019-04-01,Kolkata,Banglore,08:25:00,09:20:00,1495,1.0,In-flight meal not included,7064
Spicejet,2019-05-24,Chennai,Kolkata,08:20:00,10:35:00,135,0.0,No Info,3597
Multiple Carriers,2019-06-06,Delhi,Cochin,08:00:00,21:00:00,780,1.0,No Info,13587
Indigo,2019-05-12,Banglore,Delhi,01:30:00,04:15:00,165,0.0,No Info,3943
Multiple Carriers,2019-06-09,Delhi,Cochin,14:00:00,01:30:00,690,1.0,No Info,13377
Indigo,2019-06-27,Delhi,Cochin,08:35:00,16:10:00,455,1.0,No Info,6442
Air India,2019-04-01,Banglore,Delhi,17:00:00,19:45:00,165,0.0,No Info,5176
Multiple Carriers,2019-05-18,Delhi,Cochin,09:00:00,21:00:00,720,1.0,No Info,13727
Air India,2019-03-12,Banglore,New Delhi,06:50:00,22:55:00,965,2.0,No Info,11474
Spicejet,2019-05-09,Mumbai,Hyderabad,05:45:00,07:15:00,90,0.0,No Info,2017
Indigo,2019-04-24,Kolkata,Banglore,11:30:00,14:05:00,155,0.0,No Info,4804
Multiple Carriers,2019-06-27,Delhi,Cochin,13:00:00,21:00:00,480,1.0,No Info,7408
Vistara,2019-04-18,Delhi,Cochin,14:40:00,17:50:00,190,0.0,No Info,6216
Jet Airways,2019-06-09,Delhi,Cochin,11:40:00,19:00:00,440,2.0,In-flight meal not included,15812
Air India,2019-05-21,Delhi,Cochin,09:45:00,09:25:00,1420,2.0,No Info,10975
Air India,2019-05-15,Kolkata,Banglore,09:25:00,18:30:00,545,1.0,No Info,8891
Air India,2019-03-03,Delhi,Cochin,05:55:00,07:40:00,1545,2.0,No Info,15113
Air India,2019-06-03,Delhi,Cochin,07:00:00,19:15:00,735,1.0,No Info,8879
Jet Airways,2019-03-06,Banglore,New Delhi,14:05:00,08:15:00,1090,1.0,In-flight meal not included,13502
Multiple Carriers,2019-03-03,Delhi,Cochin,04:00:00,13:20:00,560,1.0,No Info,14973
Jet Airways,2019-05-21,Delhi,Cochin,02:15:00,19:00:00,1005,1.0,In-flight meal not included,12898
Air India,2019-06-12,Delhi,Cochin,12:55:00,19:15:00,1820,2.0,No Info,12436
Indigo,2019-03-09,Delhi,Cochin,05:35:00,08:50:00,195,0.0,No Info,6885
Vistara,2019-05-09,Kolkata,Banglore,17:00:00,18:50:00,1550,1.0,No Info,8820
Jet Airways,2019-04-03,Banglore,Delhi,18:55:00,22:00:00,185,0.0,No Info,7229
Indigo,2019-06-12,Delhi,Cochin,04:55:00,21:00:00,965,1.0,No Info,5894
Jet Airways,2019-05-21,Kolkata,Banglore,18:55:00,04:40:00,585,1.0,No Info,14388
Jet Airways,2019-06-06,Kolkata,Banglore,20:00:00,08:15:00,735,1.0,No Info,14571
Air India,2019-03-09,Banglore,New Delhi,11:05:00,22:45:00,700,1.0,No Info,10657
Indigo,2019-06-24,Mumbai,Hyderabad,01:40:00,03:10:00,90,0.0,No Info,2754
Spicejet,2019-06-27,Chennai,Kolkata,09:45:00,12:00:00,135,0.0,No Info,3597
Spicejet,2019-03-15,Banglore,New Delhi,15:35:00,23:40:00,485,1.0,No Info,5822
Multiple Carriers,2019-05-15,Delhi,Cochin,06:00:00,21:00:00,900,1.0,No Info,7670
Jet Airways,2019-05-15,Kolkata,Banglore,09:35:00,19:10:00,575,1.0,No Info,13067
Jet Airways,2019-06-15,Delhi,Cochin,10:00:00,19:00:00,540,1.0,In-flight meal not included,10262
Jet Airways,2019-05-21,Kolkata,Banglore,10:20:00,17:35:00,435,1.0,In-flight meal not included,5608
Jet Airways,2019-06-06,Delhi,Cochin,19:45:00,04:25:00,520,1.0,In-flight meal not included,10262
Jet Airways,2019-06-15,Delhi,Cochin,11:30:00,04:25:00,1015,1.0,In-flight meal not included,10262
Goair,2019-03-27,Delhi,Cochin,07:00:00,12:50:00,350,1.0,No Info,5281
Multiple Carriers,2019-06-03,Delhi,Cochin,11:30:00,01:30:00,840,1.0,No Info,13377
Jet Airways,2019-04-21,Banglore,Delhi,18:55:00,22:00:00,185,0.0,No Info,7229
Air Asia,2019-05-24,Kolkata,Banglore,07:35:00,23:30:00,955,1.0,No Info,5192
Indigo,2019-05-27,Chennai,Kolkata,13:15:00,15:35:00,140,0.0,No Info,3597
Indigo,2019-06-15,Delhi,Cochin,08:35:00,22:30:00,835,1.0,No Info,6442
Air India,2019-05-06,Mumbai,Hyderabad,06:20:00,07:40:00,80,0.0,No Info,3625
Multiple Carriers,2019-06-12,Delhi,Cochin,07:05:00,19:15:00,730,1.0,In-flight meal not included,11667
Multiple Carriers,2019-06-09,Delhi,Cochin,10:00:00,21:00:00,660,1.0,No Info,7408
Jet Airways,2019-06-09,Kolkata,Banglore,14:05:00,19:50:00,345,1.0,No Info,14571
Air India,2019-03-03,Banglore,New Delhi,10:00:00,12:45:00,165,0.0,No Info,11423
Indigo,2019-06-03,Banglore,Delhi,18:25:00,21:20:00,175,0.0,No Info,4823
Air India,2019-04-09,Delhi,Cochin,05:55:00,07:40:00,1545,2.0,No Info,10021
Indigo,2019-04-01,Kolkata,Banglore,19:35:00,23:15:00,220,1.0,No Info,4226
Jet Airways,2019-03-12,Banglore,New Delhi,16:55:00,10:25:00,1050,1.0,No Info,13817
Air India,2019-05-15,Kolkata,Banglore,20:30:00,13:45:00,1035,2.0,No Info,16057
Jet Airways,2019-05-01,Kolkata,Banglore,20:00:00,10:05:00,845,1.0,In-flight meal not included,8586
Jet Airways,2019-05-09,Kolkata,Banglore,16:30:00,18:15:00,1545,1.0,No Info,13941
Jet Airways,2019-05-12,Mumbai,Hyderabad,10:20:00,11:50:00,90,0.0,No Info,5678
Air India,2019-06-09,Kolkata,Banglore,12:00:00,18:30:00,1830,2.0,No Info,10151
Indigo,2019-05-18,Kolkata,Banglore,15:15:00,17:45:00,150,0.0,No Info,4804
Jet Airways,2019-05-18,Kolkata,Banglore,14:05:00,10:05:00,1200,1.0,No Info,14388
Indigo,2019-06-01,Banglore,Delhi,10:10:00,13:00:00,170,0.0,No Info,3943
Multiple Carriers,2019-06-12,Delhi,Cochin,08:50:00,19:00:00,610,1.0,No Info,10877
Jet Airways,2019-03-12,Banglore,New Delhi,20:35:00,20:20:00,1425,1.0,In-flight meal not included,11087
Jet Airways,2019-06-06,Kolkata,Banglore,18:55:00,22:35:00,1660,1.0,In-flight meal not included,10844
Air India,2019-05-15,Delhi,Cochin,13:30:00,08:15:00,1125,1.0,No Info,10671
Multiple Carriers,2019-06-27,Delhi,Cochin,16:00:00,01:30:00,570,1.0,No Info,13377
Jet Airways,2019-05-12,Kolkata,Banglore,18:55:00,10:05:00,910,1.0,In-flight meal not included,9663
Spicejet,2019-06-27,Delhi,Cochin,17:55:00,22:50:00,295,1.0,No Info,4957
Indigo,2019-05-15,Delhi,Cochin,06:50:00,12:10:00,320,1.0,No Info,5298
Jet Airways,2019-03-15,Banglore,New Delhi,08:00:00,07:40:00,1420,1.0,In-flight meal not included,9134
Jet Airways,2019-06-12,Delhi,Cochin,09:40:00,04:25:00,1125,2.0,No Info,13014
Air India,2019-05-18,Delhi,Cochin,08:00:00,19:15:00,675,1.0,No Info,8879
Multiple Carriers,2019-05-27,Delhi,Cochin,11:30:00,19:15:00,465,1.0,In-flight meal not included,9254
Jet Airways,2019-05-21,Delhi,Cochin,07:05:00,04:25:00,1280,1.0,In-flight meal not included,12898
Air India,2019-06-06,Kolkata,Banglore,16:50:00,07:55:00,905,1.0,No Info,8366
Air India,2019-05-21,Kolkata,Banglore,14:30:00,12:30:00,1320,2.0,No Info,15107
Vistara,2019-05-01,Kolkata,Banglore,17:00:00,18:50:00,1550,1.0,No Info,8610
Indigo,2019-06-27,Chennai,Kolkata,05:15:00,07:40:00,145,0.0,No Info,3540
Multiple Carriers,2019-05-15,Delhi,Cochin,18:00:00,01:30:00,450,1.0,No Info,8073
Air India,2019-03-09,Banglore,New Delhi,22:00:00,23:20:00,1520,1.0,No Info,8425
Jet Airways,2019-06-24,Delhi,Cochin,11:40:00,19:00:00,440,2.0,In-flight meal not included,15812
Air India,2019-04-09,Delhi,Cochin,12:55:00,19:15:00,1820,2.0,No Info,9968
Multiple Carriers,2019-06-03,Delhi,Cochin,11:40:00,01:30:00,830,1.0,No Info,7530
Jet Airways,2019-04-01,Kolkata,Banglore,18:55:00,18:15:00,1400,1.0,No Info,12681
Jet Airways,2019-05-27,Delhi,Cochin,13:25:00,12:35:00,1390,2.0,No Info,15129
Goair,2019-05-03,Banglore,Delhi,20:55:00,23:40:00,165,0.0,No Info,4239
Spicejet,2019-03-24,Banglore,New Delhi,09:35:00,12:30:00,175,0.0,No Info,6309
Spicejet,2019-03-21,Chennai,Kolkata,17:45:00,20:05:00,140,0.0,No check-in baggage included,3332
Multiple Carriers,2019-03-06,Delhi,Cochin,07:05:00,21:00:00,835,1.0,No Info,17267
Jet Airways,2019-03-27,Delhi,Cochin,19:45:00,19:45:00,1440,1.0,In-flight meal not included,5963
Jet Airways,2019-06-01,Delhi,Cochin,13:00:00,12:35:00,1415,1.0,In-flight meal not included,10262
Jet Airways,2019-03-18,Banglore,New Delhi,07:00:00,13:15:00,375,1.0,No Info,12284
Indigo,2019-05-12,Banglore,Delhi,08:30:00,11:20:00,170,0.0,No Info,5740
Jet Airways,2019-05-01,Kolkata,Banglore,09:35:00,21:05:00,690,1.0,In-flight meal not included,12384
Multiple Carriers,2019-06-03,Delhi,Cochin,06:00:00,19:15:00,795,1.0,No Info,9736
Spicejet,2019-04-15,Kolkata,Banglore,15:05:00,20:20:00,315,1.0,No Info,4649
Jet Airways,2019-05-21,Delhi,Cochin,10:00:00,12:35:00,1595,1.0,In-flight meal not included,12898
Indigo,2019-05-09,Delhi,Cochin,06:50:00,22:30:00,940,1.0,No Info,6734
Jet Airways,2019-06-09,Delhi,Cochin,02:15:00,19:00:00,1005,1.0,In-flight meal not included,10262
Air India,2019-03-01,Banglore,New Delhi,05:50:00,22:45:00,1015,1.0,No Info,14069
Multiple Carriers,2019-05-15,Delhi,Cochin,19:00:00,01:30:00,390,1.0,No Info,7670
Jet Airways,2019-03-12,Banglore,New Delhi,22:55:00,07:40:00,525,1.0,No Info,13817
Jet Airways,2019-04-03,Mumbai,Hyderabad,10:20:00,11:50:00,90,0.0,In-flight meal not included,3205
Air India,2019-04-24,Delhi,Cochin,14:10:00,17:10:00,180,0.0,No Info,6094
Indigo,2019-03-03,Banglore,New Delhi,07:30:00,12:20:00,290,1.0,No Info,6220
Multiple Carriers,2019-06-24,Delhi,Cochin,11:40:00,19:15:00,455,1.0,In-flight meal not included,7268
Jet Airways,2019-05-09,Kolkata,Banglore,20:25:00,21:05:00,1480,1.0,No Info,13067
Air India,2019-05-18,Kolkata,Banglore,08:20:00,11:10:00,1610,2.0,No Info,11222
Jet Airways,2019-06-27,Delhi,Cochin,15:00:00,19:00:00,1680,1.0,In-flight meal not included,10262
Spicejet,2019-04-03,Kolkata,Banglore,15:05:00,20:20:00,315,1.0,No Info,4649
Indigo,2019-06-09,Mumbai,Hyderabad,12:00:00,13:30:00,90,0.0,No Info,2754
Indigo,2019-06-01,Delhi,Cochin,08:35:00,22:30:00,835,1.0,No Info,6442
Jet Airways,2019-05-12,Kolkata,Banglore,18:55:00,08:15:00,800,1.0,In-flight meal not included,9663
Air Asia,2019-06-09,Kolkata,Banglore,07:35:00,19:25:00,710,1.0,No Info,7870
Vistara,2019-03-24,Banglore,New Delhi,11:30:00,14:10:00,160,0.0,No Info,5403
Indigo,2019-03-09,Banglore,New Delhi,22:20:00,01:10:00,170,0.0,No Info,6144
Jet Airways,2019-05-09,Kolkata,Banglore,06:30:00,04:40:00,1330,1.0,In-flight meal not included,8586
Jet Airways,2019-06-27,Delhi,Cochin,09:00:00,12:35:00,1655,1.0,In-flight meal not included,10262
Jet Airways,2019-06-03,Banglore,Delhi,15:15:00,18:10:00,175,0.0,No Info,8016
Air Asia,2019-06-01,Banglore,Delhi,23:55:00,02:45:00,170,0.0,No Info,7120
Jet Airways,2019-04-15,Delhi,Cochin,11:30:00,19:00:00,450,1.0,In-flight meal not included,6542
Air Asia,2019-04-24,Banglore,Delhi,04:55:00,07:45:00,170,0.0,No Info,3383
Multiple Carriers,2019-03-03,Delhi,Cochin,19:00:00,01:35:00,395,1.0,No Info,15288
Vistara,2019-05-01,Kolkata,Banglore,17:00:00,10:45:00,1065,1.0,No Info,9187
Multiple Carriers,2019-03-21,Delhi,Cochin,06:40:00,18:50:00,730,1.0,No Info,13568
Jet Airways,2019-05-06,Kolkata,Banglore,10:20:00,17:35:00,435,1.0,In-flight meal not included,7064
Indigo,2019-06-06,Kolkata,Banglore,20:25:00,23:10:00,165,0.0,No Info,4804
Multiple Carriers,2019-06-15,Delhi,Cochin,07:30:00,19:15:00,705,1.0,No Info,8614
Jet Airways,2019-03-01,Banglore,New Delhi,22:50:00,09:30:00,640,1.0,1 Long layover,31825
Indigo,2019-03-09,Delhi,Cochin,07:35:00,12:00:00,265,1.0,No Info,6937
Jet Airways,2019-05-06,Mumbai,Hyderabad,19:35:00,21:05:00,90,0.0,In-flight meal not included,2228
Spicejet,2019-04-15,Banglore,Delhi,09:30:00,12:20:00,170,0.0,No check-in baggage included,4319
Jet Airways,2019-03-09,Delhi,Cochin,05:40:00,04:25:00,1365,2.0,In-flight meal not included,13764
Indigo,2019-06-01,Kolkata,Banglore,09:35:00,12:10:00,155,0.0,No Info,4804
Air India,2019-05-18,Delhi,Cochin,13:15:00,09:25:00,1210,2.0,No Info,11307
Indigo,2019-05-27,Delhi,Cochin,21:05:00,00:20:00,195,0.0,No Info,5601
Air India,2019-05-06,Kolkata,Banglore,12:00:00,21:50:00,590,2.0,No Info,10151
Jet Airways,2019-03-27,Mumbai,Hyderabad,07:10:00,08:35:00,85,0.0,In-flight meal not included,3205
Jet Airways,2019-03-24,Kolkata,Banglore,21:10:00,18:10:00,1260,1.0,No Info,13759
Spicejet,2019-03-21,Kolkata,Banglore,06:55:00,09:35:00,160,0.0,No check-in baggage included,3815
Jet Airways,2019-04-01,Kolkata,Banglore,08:25:00,19:50:00,685,1.0,In-flight meal not included,7064
Indigo,2019-03-09,Delhi,Cochin,02:35:00,08:30:00,355,1.0,No Info,11532
Jet Airways,2019-03-06,Banglore,New Delhi,11:40:00,23:00:00,680,1.0,No Info,16736
Jet Airways,2019-05-12,Kolkata,Banglore,21:10:00,04:40:00,450,1.0,No Info,13941
Jet Airways,2019-06-01,Mumbai,Hyderabad,07:05:00,08:30:00,85,0.0,In-flight meal not included,4050
Indigo,2019-06-15,Delhi,Cochin,15:10:00,20:00:00,290,1.0,No Info,6147
Jet Airways,2019-05-18,Kolkata,Banglore,21:10:00,08:15:00,665,1.0,In-flight meal not included,8586
Jet Airways,2019-05-01,Kolkata,Banglore,20:00:00,04:40:00,520,1.0,No Info,13941
Jet Airways,2019-04-06,Delhi,Cochin,11:30:00,19:00:00,450,1.0,In-flight meal not included,5177
Jet Airways,2019-03-24,Kolkata,Banglore,13:55:00,12:00:00,1325,1.0,No Info,14231
Jet Airways,2019-05-01,Kolkata,Banglore,17:00:00,09:45:00,1005,1.0,In-flight meal not included,9314
Spicejet,2019-05-15,Kolkata,Banglore,15:55:00,21:25:00,330,1.0,No Info,7804
Goair,2019-03-21,Delhi,Cochin,07:00:00,12:50:00,350,1.0,No Info,9385
Vistara,2019-03-24,Kolkata,Banglore,17:00:00,10:50:00,1070,1.0,No Info,12890
Jet Airways,2019-06-09,Delhi,Cochin,09:25:00,04:25:00,1140,2.0,No Info,13882
Multiple Carriers,2019-06-27,Delhi,Cochin,10:20:00,21:00:00,640,1.0,No Info,6480
Spicejet,2019-05-09,Delhi,Cochin,08:45:00,13:15:00,270,1.0,No check-in baggage included,4760
Jet Airways,2019-06-09,Kolkata,Banglore,06:30:00,19:50:00,800,1.0,No Info,14571
Air India,2019-03-01,Banglore,New Delhi,05:50:00,08:50:00,1620,3.0,No Info,13081
Multiple Carriers,2019-06-24,Delhi,Cochin,09:00:00,19:00:00,600,1.0,No Info,12927
Jet Airways,2019-05-27,Banglore,Delhi,15:15:00,18:10:00,175,0.0,No Info,7229
Jet Airways,2019-06-01,Mumbai,Hyderabad,10:20:00,11:50:00,90,0.0,No Info,5678
Jet Airways,2019-05-24,Kolkata,Banglore,20:25:00,23:35:00,1630,1.0,No Info,14151
Jet Airways,2019-05-27,Delhi,Cochin,19:15:00,19:00:00,1425,1.0,In-flight meal not included,12898
Jet Airways,2019-05-06,Kolkata,Banglore,21:10:00,08:15:00,665,1.0,No Info,13584
Indigo,2019-05-18,Delhi,Cochin,15:00:00,01:30:00,630,1.0,No Info,7503
Jet Airways,2019-04-01,Kolkata,Banglore,06:30:00,20:45:00,855,1.0,In-flight meal not included,7064
Air Asia,2019-05-06,Kolkata,Banglore,19:55:00,22:25:00,150,0.0,No Info,4409
Jet Airways,2019-06-09,Kolkata,Banglore,17:00:00,22:05:00,1745,1.0,No Info,12692
Multiple Carriers,2019-03-21,Delhi,Cochin,07:05:00,21:00:00,835,1.0,No Info,13062
Air Asia,2019-03-09,Banglore,New Delhi,05:50:00,08:40:00,170,0.0,No Info,7652
Air India,2019-06-09,Kolkata,Banglore,09:25:00,21:50:00,745,1.0,No Info,8366
Air India,2019-03-18,Banglore,New Delhi,17:25:00,23:25:00,1800,2.0,No Info,11518
Jet Airways,2019-03-24,Kolkata,Banglore,13:55:00,23:25:00,570,1.0,No Info,14231
Air India,2019-06-24,Mumbai,Hyderabad,06:20:00,07:40:00,80,0.0,No Info,3100
Jet Airways,2019-05-06,Banglore,Delhi,06:00:00,08:45:00,165,0.0,No Info,7229
Indigo,2019-05-15,Delhi,Cochin,08:30:00,21:00:00,750,1.0,No Info,7503
Jet Airways,2019-05-06,Mumbai,Hyderabad,07:05:00,08:30:00,85,0.0,In-flight meal not included,4995
Jet Airways,2019-05-18,Delhi,Cochin,09:00:00,04:25:00,1165,1.0,In-flight meal not included,12373
Air India,2019-05-21,Delhi,Cochin,17:15:00,19:15:00,1560,2.0,No Info,11989
Indigo,2019-04-06,Kolkata,Banglore,11:30:00,14:05:00,155,0.0,No Info,4174
Jet Airways,2019-05-01,Banglore,Delhi,15:15:00,18:10:00,175,0.0,No Info,7229
Goair,2019-05-12,Banglore,Delhi,20:55:00,23:40:00,165,0.0,No Info,3419
Jet Airways,2019-05-09,Banglore,Delhi,08:20:00,11:20:00,180,0.0,In-flight meal not included,4544
Indigo,2019-03-24,Banglore,New Delhi,04:00:00,06:50:00,170,0.0,No Info,4777
Jet Airways,2019-06-09,Delhi,Cochin,22:50:00,04:25:00,335,1.0,No Info,14714
Jet Airways,2019-03-21,Banglore,New Delhi,11:40:00,11:25:00,1425,1.0,In-flight meal not included,7832
Spicejet,2019-06-03,Chennai,Kolkata,08:20:00,10:35:00,135,0.0,No check-in baggage included,3543
Indigo,2019-06-09,Kolkata,Banglore,17:15:00,19:50:00,155,0.0,No Info,4804
Multiple Carriers,2019-05-18,Delhi,Cochin,07:30:00,19:15:00,705,1.0,No Info,7564
Multiple Carriers,2019-06-12,Delhi,Cochin,08:45:00,19:15:00,630,1.0,No Info,8266
Indigo,2019-06-09,Kolkata,Banglore,20:20:00,22:55:00,155,0.0,No Info,4804
Goair,2019-05-21,Delhi,Cochin,07:00:00,12:55:00,355,1.0,No Info,6633
Indigo,2019-03-01,Chennai,Kolkata,14:40:00,17:05:00,145,0.0,No Info,7295
Vistara,2019-06-15,Banglore,Delhi,09:45:00,12:35:00,170,0.0,No Info,4878
Jet Airways,2019-03-21,Delhi,Cochin,15:00:00,04:25:00,805,1.0,No Info,12767
Air India,2019-04-01,Kolkata,Banglore,07:00:00,10:00:00,1620,2.0,No Info,9836
Spicejet,2019-04-21,Banglore,Delhi,05:55:00,08:35:00,160,0.0,No Info,4423
Air India,2019-03-21,Delhi,Cochin,12:55:00,19:15:00,1820,2.0,No Info,11228
Multiple Carriers,2019-06-27,Delhi,Cochin,09:15:00,19:15:00,600,1.0,No Info,8099
Jet Airways,2019-03-12,Banglore,New Delhi,09:45:00,00:30:00,885,1.0,No Info,11507
Spicejet,2019-06-01,Mumbai,Hyderabad,13:15:00,14:45:00,90,0.0,No check-in baggage included,2175
Spicejet,2019-06-01,Chennai,Kolkata,09:45:00,12:00:00,135,0.0,No check-in baggage included,3543
Multiple Carriers,2019-05-21,Delhi,Cochin,08:30:00,19:00:00,630,1.0,No Info,9627
Indigo,2019-05-21,Mumbai,Hyderabad,12:00:00,13:30:00,90,0.0,No Info,2754
Jet Airways,2019-05-27,Delhi,Cochin,07:05:00,04:25:00,1280,1.0,In-flight meal not included,12898
Indigo,2019-03-09,Banglore,New Delhi,20:00:00,22:55:00,175,0.0,No Info,6144
Spicejet,2019-04-21,Kolkata,Banglore,17:10:00,19:40:00,150,0.0,No Info,4911
Multiple Carriers,2019-04-24,Delhi,Cochin,07:10:00,16:10:00,540,1.0,In-flight meal not included,6093
Indigo,2019-03-18,Chennai,Kolkata,07:55:00,10:15:00,140,0.0,No Info,3850
Air India,2019-06-15,Delhi,Cochin,07:05:00,09:25:00,1580,2.0,No Info,10975
Jet Airways,2019-06-27,Delhi,Cochin,19:10:00,12:35:00,1045,2.0,In-flight meal not included,11150
Air India,2019-06-09,Banglore,Delhi,13:20:00,16:10:00,170,0.0,No Info,6961
Indigo,2019-04-15,Banglore,Delhi,06:05:00,08:50:00,165,0.0,No Info,4423
Multiple Carriers,2019-05-27,Delhi,Cochin,11:30:00,01:30:00,840,1.0,In-flight meal not included,6733
Jet Airways,2019-03-27,Delhi,Cochin,05:10:00,04:25:00,1395,2.0,In-flight meal not included,9412
Spicejet,2019-05-12,Banglore,Delhi,05:55:00,08:35:00,160,0.0,No Info,3311
Jet Airways,2019-06-03,Delhi,Cochin,11:30:00,19:00:00,450,1.0,In-flight meal not included,10262
Jet Airways,2019-05-09,Kolkata,Banglore,06:30:00,12:00:00,330,1.0,In-flight meal not included,9663
Jet Airways,2019-03-24,Banglore,New Delhi,19:55:00,22:35:00,160,0.0,No Info,8016
Jet Airways,2019-06-12,Kolkata,Banglore,09:35:00,09:45:00,1450,1.0,No Info,12692
Air India,2019-03-18,Mumbai,Hyderabad,19:30:00,20:45:00,75,0.0,No Info,2050
Spicejet,2019-03-12,Kolkata,Banglore,09:00:00,11:30:00,150,0.0,No Info,6982
Indigo,2019-05-12,Banglore,Delhi,07:10:00,10:05:00,175,0.0,No Info,4823
Jet Airways,2019-06-09,Delhi,Cochin,20:55:00,04:25:00,450,1.0,No Info,14924
Jet Airways,2019-06-01,Banglore,Delhi,06:00:00,08:45:00,165,0.0,No Info,8016
Jet Airways,2019-03-18,Banglore,New Delhi,08:00:00,13:15:00,315,1.0,No Info,12284
Jet Airways,2019-06-01,Delhi,Cochin,17:30:00,19:00:00,1530,1.0,No Info,14714
Indigo,2019-03-03,Delhi,Cochin,06:40:00,22:20:00,940,1.0,No Info,11600
Indigo,2019-03-24,Banglore,New Delhi,04:00:00,06:50:00,170,0.0,No Info,5694
Indigo,2019-03-09,Delhi,Cochin,02:05:00,07:10:00,305,1.0,No Info,10482
Jet Airways,2019-06-09,Delhi,Cochin,13:00:00,19:00:00,360,1.0,In-flight meal not included,10262
Jet Airways,2019-05-12,Kolkata,Banglore,21:10:00,16:20:00,1150,1.0,In-flight meal not included,10844
Indigo,2019-03-27,Chennai,Kolkata,22:05:00,00:25:00,140,0.0,No Info,5277
Jet Airways,2019-06-06,Delhi,Cochin,21:25:00,19:00:00,1295,2.0,In-flight meal not included,10588
Indigo,2019-05-18,Banglore,Delhi,07:10:00,10:05:00,175,0.0,No Info,4823
Indigo,2019-03-21,Mumbai,Hyderabad,21:20:00,22:45:00,85,0.0,No Info,2227
Jet Airways,2019-05-09,Delhi,Cochin,13:00:00,04:25:00,925,1.0,In-flight meal not included,12373
Indigo,2019-05-18,Chennai,Kolkata,14:45:00,17:05:00,140,0.0,No Info,3858
Jet Airways,2019-06-15,Delhi,Cochin,14:00:00,12:35:00,1355,1.0,In-flight meal not included,10262
Spicejet,2019-05-24,Kolkata,Banglore,15:05:00,20:20:00,315,1.0,No Info,4649
Jet Airways,2019-05-21,Delhi,Cochin,10:00:00,19:00:00,540,1.0,No Info,16079
Goair,2019-03-03,Banglore,New Delhi,11:40:00,14:35:00,175,0.0,No Info,7646
Air India,2019-03-18,Mumbai,Hyderabad,21:05:00,22:25:00,80,0.0,No Info,2050
Multiple Carriers,2019-06-01,Delhi,Cochin,11:30:00,19:15:00,465,1.0,No Info,16108
Indigo,2019-04-24,Kolkata,Banglore,15:15:00,20:05:00,290,1.0,No Info,4565
Jet Airways,2019-06-24,Delhi,Cochin,10:00:00,19:00:00,540,1.0,In-flight meal not included,10262
Jet Airways,2019-05-27,Delhi,Cochin,08:00:00,19:00:00,660,1.0,No Info,16289
Multiple Carriers,2019-06-24,Delhi,Cochin,07:30:00,21:00:00,810,1.0,No Info,7740
Indigo,2019-03-09,Banglore,New Delhi,08:30:00,11:30:00,180,0.0,No Info,7648
Jet Airways,2019-06-15,Delhi,Cochin,17:30:00,04:25:00,655,1.0,In-flight meal not included,10262
Multiple Carriers,2019-03-21,Delhi,Cochin,08:25:00,18:50:00,625,1.0,No Info,13069
Jet Airways,2019-05-01,Kolkata,Banglore,08:25:00,04:40:00,1215,1.0,No Info,13941
Jet Airways,2019-05-12,Banglore,Delhi,11:10:00,14:05:00,175,0.0,No Info,7229
Indigo,2019-03-21,Delhi,Cochin,08:25:00,21:00:00,755,1.0,No Info,8285
Air Asia,2019-06-12,Kolkata,Banglore,10:20:00,12:55:00,155,0.0,No Info,3807
Spicejet,2019-06-24,Mumbai,Hyderabad,13:15:00,14:45:00,90,0.0,No check-in baggage included,1965
Spicejet,2019-06-03,Delhi,Cochin,08:45:00,13:15:00,270,1.0,No check-in baggage included,5726
Air India,2019-06-09,Mumbai,Hyderabad,15:00:00,16:25:00,85,0.0,No Info,3100
Jet Airways,2019-06-09,Delhi,Cochin,09:00:00,19:00:00,600,1.0,No Info,14714
Jet Airways,2019-05-21,Delhi,Cochin,16:00:00,19:00:00,1620,1.0,In-flight meal not included,12898
Indigo,2019-06-06,Banglore,Delhi,20:00:00,22:50:00,170,0.0,No Info,4823
Air India,2019-04-01,Kolkata,Banglore,10:00:00,05:25:00,1165,2.0,No Info,12639
Air Asia,2019-04-27,Banglore,Delhi,04:55:00,07:45:00,170,0.0,No Info,4282
Spicejet,2019-03-09,Delhi,Cochin,06:10:00,11:20:00,310,1.0,No Info,8382
Air Asia,2019-05-18,Delhi,Cochin,16:45:00,07:10:00,865,1.0,No Info,7353
Jet Airways,2019-06-09,Kolkata,Banglore,18:55:00,16:20:00,1285,1.0,No Info,14571
Jet Airways,2019-06-12,Banglore,Delhi,07:10:00,10:10:00,180,0.0,In-flight meal not included,5769
Spicejet,2019-05-06,Kolkata,Banglore,06:55:00,09:30:00,155,0.0,No check-in baggage included,3841
Spicejet,2019-03-01,Kolkata,Banglore,22:20:00,00:40:00,140,0.0,No Info,5515
Indigo,2019-03-09,Banglore,New Delhi,10:05:00,13:00:00,175,0.0,No Info,6860
Jet Airways,2019-05-06,Kolkata,Banglore,20:25:00,10:55:00,870,1.0,No Info,13067
Goair,2019-05-21,Delhi,Cochin,07:25:00,13:20:00,355,1.0,No Info,5842
Jet Airways,2019-06-09,Kolkata,Banglore,18:55:00,04:40:00,585,1.0,In-flight meal not included,9663
Jet Airways,2019-06-06,Delhi,Cochin,05:30:00,04:25:00,1375,2.0,In-flight meal not included,10368
Air India,2019-04-03,Kolkata,Banglore,09:10:00,04:40:00,1170,2.0,No Info,4647
Jet Airways,2019-05-21,Delhi,Cochin,14:00:00,19:00:00,300,1.0,No Info,16079
Jet Airways,2019-04-18,Banglore,Delhi,17:45:00,20:45:00,180,0.0,No Info,7229
Indigo,2019-05-12,Kolkata,Banglore,21:25:00,00:05:00,160,0.0,No Info,4804
Indigo,2019-04-09,Banglore,Delhi,18:55:00,21:50:00,175,0.0,No Info,4823
Jet Airways,2019-03-18,Banglore,New Delhi,14:05:00,07:40:00,1055,1.0,In-flight meal not included,10972
Air Asia,2019-04-21,Banglore,Delhi,23:55:00,02:45:00,170,0.0,No Info,4483
Jet Airways,2019-06-27,Delhi,Cochin,19:10:00,12:35:00,1045,2.0,No Info,12819
Jet Airways,2019-05-12,Kolkata,Banglore,16:30:00,23:35:00,425,1.0,No Info,14781
Air India,2019-06-15,Banglore,Delhi,21:05:00,23:55:00,170,0.0,No Info,5228
Jet Airways,2019-03-21,Delhi,Cochin,05:25:00,18:50:00,2245,2.0,No Info,12814
Jet Airways,2019-06-15,Delhi,Cochin,10:00:00,19:00:00,540,1.0,No Info,14714
Jet Airways,2019-05-18,Kolkata,Banglore,18:55:00,12:00:00,1025,1.0,In-flight meal not included,10844
Jet Airways,2019-05-06,Kolkata,Banglore,20:25:00,22:05:00,1540,1.0,In-flight meal not included,9314
Jet Airways,2019-06-09,Delhi,Cochin,02:15:00,12:35:00,620,1.0,No Info,18371
Multiple Carriers,2019-06-01,Delhi,Cochin,07:05:00,19:15:00,730,1.0,In-flight meal not included,12927
Indigo,2019-06-12,Delhi,Cochin,16:00:00,21:00:00,300,1.0,No Info,6069
Air Asia,2019-06-21,Banglore,Delhi,04:55:00,07:45:00,170,0.0,No Info,4282
Multiple Carriers,2019-06-06,Delhi,Cochin,11:25:00,19:15:00,470,1.0,No Info,7354
Spicejet,2019-05-18,Chennai,Kolkata,17:45:00,20:05:00,140,0.0,No Info,3597
